internal_id,amazon_sku
611,02-034-00-KIT-FBA
612,02-034-01
697,H-40048
866,"Do Not List"
951,CS20
1149,Core-294
1238,1465708921-1173568051608
1278,1465708921-1172721069535
1403,SW-SW9001
1447,"Do Not List"
1643,46-001-01
1673,"Do Not List"
1678,LX-PM-KIT
1691,HANDYBAR
1868,"Do Not List"
2421,"Do Not List"
2434,02-011-01
2464,02-005-04
2470,02-005-10
2471,MP-980A_change3
2622,NP001-Residential
2653,"Do Not List"
2657,NiteCoaster
2695,OFHB-BLK
2710,WA7173
2762,OPTP-710
2778,56-003-01
2808,16-851-01
2940,FF-PFK2
2963,C-4206
3140,A3104
3145,40-103-00
3228,02-031-01
3652,"Do Not List"
3654,"Do Not List"
3691,CFC-140
3749,32-500-05
3750,HD-2650
3752,32-500-02
3753,32-500-04-01
3755,SG-1900-1
3757,32-500-01
3865,44-023-04
4499,Thumper-MaxiPro_change
4503,32-020-01
4505,Thumper-VersaPro
4510,02-030-01
4613,32-500-10
5501,W-122
5518,44-030-04
5691,44-055-01
5693,44-055-03
5714,44-019-05
5715,20334
5716,H-20340
5717,44-019-02
5718,44-019-01
5852,MP-TSI-330
5963,NC-SB-BLK
5968,OPTP-702
6045,OPTP-670
6256,CP4001
6257,28-021-02
6277,SW-SW9004
6278,SW9005
6298,32-039-14
6299,32-039-15
6322,28-050-05
6355,LowbackBlack
6496,56-014-02
6497,56-014-01
6498,56-014-03
6571,MK-ZZFR636F-1
7348,FF-PF2
7424,24-039-03
7425,24-039-04
7426,24-039-05
7959,PRO-900-GRY
7989,36-324-12
7990,36-324-13
8384,H-20520-P-Yellow-Thin
8394,H-23304
8510,MK-OMP111REG_change1
8511,MK-OMP112LRG
8593,44-027-02
8594,44-027-03
8595,44-027-04
8596,44-027-05
8725,44-032-05
8726,44-032-06
8728,44-032-08
9189,28-001-02
9190,28-001-04
9191,28-001-03
9259,28-014-03
9657,28-005-01
9658,28-005-06
9659,28-005-07
9663,28-005-03
9664,28-005-04
9665,28-005-05
9666,28-005-09
9667,28-005-10
10411,THERACANE-Kit
11090,H-20010
11096,H-20070
11129,08-109-13
11155,32-500-01-01
11184,40-101-00-4
11267,28-032-01
11268,SW-TW6002
11269,28-032-05
11313,32-018-00-KIT1
11359,56-012-02
11481,CG-10104-5
11583,H-20040-KIT1
11960,PL-SP-COMBO-KIT
12054,CC102-KIT1
12083,Marpac980A-SleepMask-KIT
12130,MDS86000-3
12144,M-PT200_change2
12146,M-PT100_change5
12301,98WP01DR2A
12310,98WP01DR2J
12311,98WP01DR2K
12439,32-042-01
12441,32-042-02
14380,39-404-06
14584,FBA9JLK5V.missing1
14687,LE9001
14903,228-0287
15047,4581
15067,54012
15130,26107
15263,25871-1
15264,25870
15265,25872
15415,52-002-06-KIT2
15451,330-RG
15473,40-100-03
15509,"Do Not List"
16043,PTA-1002
16235,28-050-04-KIT-1
16251,WB20
16275,BONGO
16282,CP4001
16285,OFLB-BLK-KIT
16351,AXR366
16470,005-FED1
16496,54013-KIT
16503,52-002-01-KIT1
16597,RB20
16633,TPT-SMRT-PK1OW
16673,20-056-01-KIT-FBA
16719,GFID225
16720,GHYP345
16922,"Do Not List"
16923,"Do Not List"
16968,"Do Not List"
16987,"Do Not List"
16990,FBA3NMWLG.missing1
17082,52-002-02-KIT1
17102,RumbleRoller-KIT
17116,5030J1-KIT
17117,"Do Not List"
17120,OB-Seat-BLK
17146,01A-L
17147,01A-M
17148,01A-S
17376,4581-KIT-FBA
17415,16133-NEW
17436,"Do Not List"
17519,SHMAT-GRN
17520,SHMAT-ORG
17872,02-005-11-KIT-5
17976,FLEXICOSE-2
18041,2-500-04-KIT-3
18052,PS2002
18095,22300
18119,RRX317
18121,RRC126
18122,RRCX127
18171,QBW
18281,S00101
18305,1920-KIT-1
18309,Acu-masseur
18337,"Do Not List"
18370,1950
19657,DNS220
19669,TRT220
19860,AP480
19865,AP73
19875,AP403
19891,AP4
19910,24100
20000,WBC16
21048,HHB-3733
21055,BDS202MEDBL
21183,Core-200_change3
21188,40-038-01
21191,COR-219
21194,Core-241
21242,"Do Not List"
23010,SWE_NS_GY_MD
23011,SWE_NS_GY_LG
23012,SWE_NS_GY_XL
23013,SWE_NS_GY_XXL
23325,HG150
23328,HG300
23329,HG350
23441,SLANT
23442,SLANTL
23519,FullSet-KIT
24105,134-4969
24106,134-4951
24111,WB11
24473,HT-1260-EBONY
24666,TMR05-BLK
28810,IDEALSTRETCH.MISSING
29056,BJCAM001
30613,OPTP-433
30616,BackJoy-KIT1
31061,"Do Not List"
31062,"Do Not List"
31075,"Do Not List"
31078,"Do Not List"
31566,PED100636
31581,SW-CC102B
31844,CMS1-KIT2
31859,FATGRIPZ
32097,GAPH
32098,TKWB
32100,TKS
32101,TKM
32102,TKL
32104,Marpac580A-SleepMask-KIT
32147,WAXR186
33791,KDI-Orig-Cush-BLK
33793,KDI-Orig-Cush-GRY
33796,Compu-Cush
33798,KDI-Cush-XF-BLK
33806,CAR-CUSH-BLACK
33815,EXT-TushCush-BLK
34359,"Do Not List"
35392,B400C1
35959,A250B1
35961,A250A1
35963,A250C1-unit
36181,FR400A
36182,FR400B
36903,228-0287-KIT1
44810,SHB-02024-KIT1
48673,EXTRBB
50229,OPTP-412
53185,44-030-01-KIT1
54199,AP460-KIT1
67427,28-016-03-KIT2
69238,XX045CR
69240,XX050CR
77451,MRY-1600
77452,MRY-1600FL
83932,DE500
83933,DE550
85811,BJPLS001
95669,56-012-01-KIT2
95693,28-031-01-KIT1
95695,28-032-06-KIT1
95722,28-031-03-KIT1
99050,OPTP-635
99051,OPTP-LE8012
99857,NK01-001
101481,28-007-08-KIT-3
101490,"Do Not List"
102005,NB105-KIT
102013,SR-MSG-BK
103465,IDEALSTRETCH
111423,330122
112641,28-007-01-FBA1
115409,SR-MSG-BK-FBA
115413,"Do Not List"
115414,"Do Not List"
115415,"Do Not List"
115416,"Do Not List"
115417,"Do Not List"
115418,"Do Not List"
115419,"Do Not List"
115420,"Do Not List"
115423,"Do Not List"
115424,"Do Not List"
115425,"Do Not List"
115426,"Do Not List"
115428,"Do Not List"
115429,"Do Not List"
115430,"Do Not List"
115431,"Do Not List"
115432,"Do Not List"
115433,"Do Not List"
115434,"Do Not List"
115436,"Do Not List"
115437,"Do Not List"
115438,"Do Not List"
115439,"Do Not List"
115440,"Do Not List"
115442,"Do Not List"
115444,"Do Not List"
115445,"Do Not List"
115446,"Do Not List"
115447,"Do Not List"
115448,"Do Not List"
115449,"Do Not List"
115451,"Do Not List"
115452,"Do Not List"
115453,"Do Not List"
115454,"Do Not List"
115455,"Do Not List"
115456,"Do Not List"
115458,"Do Not List"
115459,"Do Not List"
115460,"Do Not List"
115461,"Do Not List"
115462,"Do Not List"
115463,"Do Not List"
115465,"Do Not List"
115466,"Do Not List"
115467,"Do Not List"
115468,"Do Not List"
115469,"Do Not List"
115470,"Do Not List"
115499,HHB-3733-KIT1
115500,HHB-3733-KIT2
115758,"Do Not List"
116004,40-103-00-KIT-INT
116054,B00074K4CI
116762,EMG1061012-FBA
116763,EMG1061113-FBA
116764,EMG1061214-FBA
116765,EMG1061315-FBA
116766,EMG1061416-FBA
116772,EMG10668-FBA
116773,EMG10679-FBA
116774,EMG106810-FBA
116775,EMG106911-FBA
117413,AM3011
117417,AM413TA
118314,GRIPAD-BLK
118315,GRIPAD-BLU
118316,GRIPAD-PNK
118317,GRIPAD-RED
118318,GRIPAD-RON
118494,CRANIOCRADLE
118517,10101BLU-S-KIT
118522,IC4001-KIT-FBA
118523,IC4003-KIT-FBA
118524,IC4004-KIT-FBA
118533,GRIPAD-BLU-KIT2
119030,20-025-06-FBA
119032,28-032-02-FBA
119051,SS4X4-7-KIT-FBA
119061,MuscleTracSport-KIT-FBA
119383,C-1512-KIT-FBA
119400,BackSac-KIT-FBA
119419,20-025-06-FBA-2
119430,28-005-11-FBA
119845,GSPRT
120191,TrainingMask-S
120192,TrainingMask-M
120193,TrainingMask-L
120269,SW-TW6010-FBA
120270,MYOTAPE-CALIPER-KIT1
120284,28-032-03-KIT-FBA
120305,CALIPER-Kit2
120410,GSPRT-1
120412,RB4X2-BB-BB9-2-PF-2-KIT
120424,ePulse2-KIT-FBA
120431,PL-PLB-k100-KIT-FBA
120440,O2Trainer-Green-KIT-FBA
120441,MASSSUIT-KIT-FBA
120446,02-035-01-KIT-FBA
120448,PTRoller-KIT-FBA
120501,Core-PRO-3401-KIT-FBA
120754,40-061-01-KIT-FBA
121056,28-021-01-KIT-FBA
121357,10101BLU-MD-KIT-FBA
122165,"Do Not List"
122166,"Do Not List"
122167,"Do Not List"
122272,SW-SM301-KIT-FBA
122283,PF-2-FBA
122284,BB9-2-Kit-Fba
122389,BB9-PF-2-KIT-FBA2
122393,GOBK-KIT-1
122500,BT2X2-CF-KIT-FBA
122508,RB4X4-BB-FBA
122518,BK4X4-BB-KIT1-FBA
122609,BK4X2-BB-KIT1-FBA
122812,CMM1-KIT-FBA
122925,02-006-03-KIT-FBA
122926,PL-PLT-K100-KIT-FBA
122929,24-063-07-KIT-FBA
123282,MuscleTracPro-KIT-FBA
123285,C-2102-E-1-KIT-FBA
123286,10101BLU-LG-KIT-FBA
123287,10101BLU-XL-KIT-FBA
123288,30-1925-KIT-FBA
123289,32-500-03-KIT-FBA
123492,MMP-9090-Black-KIT1-FBA
123496,UCE-9000T-KIT1-FBA
123699,44-055-02-KIT-FBA
123907,6045-WHT-L/XL-KIT-FBA
124064,H-20030-KIT-FBA
124236,40-103-04-KIT-FBA
124244,02-038-02-KIT-FBA
124263,40-104-01-KIT-FBA
124265,130105-KIT-FBA
124288,TIGERBALL-KIT1-FBA
124289,TIGERKNOT-KIT1-FBA
126800,JINV7000-KIT-FBA
126801,1695-12-KIT-FBA
127223,H2Go-KIT-FBA
127224,FootLog-Rainbow-KIT-FBA
127228,PF-4
127245,NC-BU-BL-KIT-FBA
127246,SHB-02021-KIT-FBA
127247,WB16-KIT-FBA
127861,00358-KIT-FBA
128270,O2Trainer-Blue-KIT-FBA
128271,28-050-07-KIT-FBA
129130,32-500-09-KIT-FBA
129131,3333-XL-KIT-FBA
129132,52-006-02-1-KIT-FBA
129153,28-016-04-KIT-FBA
129263,02-015-02-KIT-FBA
129275,28-005-08-KIT-FBA
129284,28-050-01-KIT2-FBA
129309,24-009-01-KIT-FBA
129322,24-008-00-KIT2
129338,"Do Not List"
129341,"Do Not List"
129355,"Do Not List"
129358,"Do Not List"
129372,"Do Not List"
129382,EMG10046-KIT-FBA
129384,EMG10057-KIT-FBA
129388,EMG100810-KIT-FBA
129390,EMG100911-KIT-FBA
129392,EMG1001012-KIT-FBA
129394,EMG1001214-KIT-FBA
129397,BreathSlim-KIT4
129398,EMG1001315-KIT-FBA
129401,EMG1001416-KIT-FBA
129404,EMG10016-KIT-FBA
129429,28-016-03-KIT-FBA
129430,6045-BLK-S/M-KIT-FBA
129439,EMG10157-KIT-FBA
129452,EMG101911-KIT-FBA
129455,EMG1011012-KIT-FBA
129500,WristWidget-KIT-FBA
129534,IGRIP-Black-KIT-FBA
129539,IGRIP-Silver-KIT-FBA
129551,UFFLEX-KIT-FBA
129574,26150-KIT-FBA
129576,1316413-KIT1-FBA
129609,32-005-06-KIT-FBA
129612,WC-T1-5-KIT-FBA
129613,WC-T3-5-KIT-FBA
129614,WC-T5-5-KIT-FBA
129620,24130-KIT-FBA
129724,EMG1001113-KIT-FBA
129749,AP77-KIT-FBA
129750,28-050-00-KIT-FBA
129754,28-018-13-FBA
129755,516-KIT-FBA
129757,SPI-KIT1-FBA
129758,GRCH322-KIT-FBA
129759,PINK6075-MD-KIT1-FBA
129760,H-20413-KIT2-FBA
129761,LJC-PRO-RED-KIT-FBA
129764,24-063-02-KIT-FBA
129766,PINK6073-XS-KIT-FBA
129769,LJC-ONE-BLK-KIT-FBA
129770,LJC-OLY-BLK-KIT-FBA
129771,LJC-OLY-RED-KIT-FBA
129773,LJC-PRO-BLK-KIT-FBA
129784,BJPPS002
129786,BJPP2006
129787,BJPPS003S
130088,TXR2540-KIT-FBA
130090,04-005-12-KIT-FBA
130093,FLEXICOSE-KIT-FBA
130096,TXR4060-KIT-FBA
130097,TXR5060-KIT-FBA
130098,TXR6060-KIT-FBA
130099,TXR7080-KIT-FBA
130106,FF-PF2-KIT-FBA
130816,GFID31-KIT-FBA
130817,GFID225-KIT-FBA
130818,GHYP345-KIT-FBA
130819,44-005-00-KIT-FBA
130832,SPI-KIT-FBA
130833,"Still Point Inducer-SOFT-KIT-FBA"
130860,DF999-KIT1-FBA
130886,28-016-02-KIT-FBA
130887,56-002-01-KIT1-FBA
130888,56-002-01-KIT2-FBA
130889,56-002-01-KIT3-FBA
130895,28-018-14-KIT-FBA
130897,6045-BG-L/XL-KIT-FBA
130898,SW-CC102B-2UNITS-FBA
130903,BRXS-KIT-FBA
131548,JOBST-76168-KIT-FBA
131890,PSFR36B
131891,PSFR36
131892,PFR36
131893,PFR36B
132486,32-018-00-KIT2-FBA
132553,THUMBSAVERS-S-KIT-FBA
132554,THUMBSAVERS-M-KIT-FBA
132555,THUMBSAVERS-L-KIT-FBA
132556,T7C-WTBK-KIT-FBA
132782,H-20060-KIT-FBA
133893,30-750B-1-952-KIT-FBA
133894,32-500-04-01-KIT-FBA
133895,30-750GY-1-953-KIT-FBA
133896,32-500-01-03-KIT-FBA
133897,32-500-01-KIT-FBA
133899,115295-KIT1-FBA
134803,30-750CM-1-967-KIT-FBA
134904,32-500-03-KIT1-FBA
134905,32-500-04-KIT1-FBA
135106,PP-260-KIT-FBA
135107,PP-240-KIT-FBA
136286,H-21313-KIT-FBA
137087,32-500-02-1-KIT-FBA
137723,BODZZFR636F.missing
137724,1475-KIT-FBA
137742,DM-002-KIT-FBA
137743,POW102B-KIT-FBA
137744,POW102H-KIT-FBA
137745,POW102C-KIT-FBA
137862,44-030-05.amzn1
137867,29-VCUP-YWK9-KIT-FBA
137868,32-019-01-KIT-FBA
137869,28-005-09-KIT-FBA
137870,AP138-KIT-FBA
137871,0151-KIT-FBA
137872,02-039-04-KIT-FBA
138475,CP303-KIT-FBA
138476,CP309-KIT-FBA
138477,CP314-KIT-FBA
138489,WG-DG-002
138598,XX045CR-KIT-FBA
138704,3333-LG-KIT-FBA
138713,MS22B-KIT-FBA
138714,MJ-TXFBLU14-BLK-KIT-FBA
138715,MJ-TXFBLU12-BLK-KIT-FBA
138716,MJ-TXFBLU10-BLK-KIT-FBA
138717,MJ-TXFBLU14-BLK-KIT2-FBA
138718,MJ-TXFBLU12-BLK-KIT1-FBA
138841,BJPPS004-KIT-FBA
138842,KNLER002-KIT-FBA
138843,ACSTR001-KIT-FBA
138846,FOCMF001-KIT1-FBA
138949,FOCMF002-KIT-FBA
139182,32-500-04-01-KIT1-FBA
139285,OFSS-BLK-KIT-FBA
139699,WG-DG-002-KIT-FBA.resticker
139907,28-002-01-KIT-FBA
139911,BAK-440-BLUE-KIT-FBA
140032,IS-85009-FBA
140648,LJC-ELT-KIT-FBA
141267,STEALTHALIGN-KIT-FBA
141293,40-104-01-KIT1-FBA
141306,"Do Not List"
141516,10002-KIT-FBA
142869,16-817-01-KIT-FBA
144087,PTA-1001-KIT-FBA
144089,PTA-3300-KIT-FBA
144092,TRT230-KIT-FBA
144093,TW6001-KIT-FBA
144097,6045-WHT-S/M-KIT-FBA
144459,36-403-08-KIT-FBA
144773,02-002-03-KIT-FBA
144876,02-002-04-KIT-FBA
144878,P1008-S-KIT-FBA
144886,FIQ10255-KIT-FBA
144898,BJPPS002-KIT-FBA
144904,24-034-83-KIT-FBA
145214,P1008-002-KIT-FBA
145233,POW110PNB1-KIT-FBA
145234,POW110PNC1-KIT-FBA
145235,POW110PND1-KIT-FBA
145236,POW110PNE1-KIT-FBA
145237,POW110PNF1-KIT-FBA
145238,POW110PNG1-KIT-FBA
145239,POW110PNH1-KIT-FBA
145240,POW110PNIJ1-KIT-FBA
145241,POW110PNK1-KIT-FBA
145242,POW110PNA1-KIT-FBA
145243,POW113D1-KIT-FBA
145244,POW113G1-KIT-FBA
145245,POW113H1-KIT-FBA
145246,POW113K1-KIT-FBA
145247,POW113C1-KIT-FBA
145248,POW113B1-KIT-FBA
145249,POW113A1-KIT-FBA
145250,POW113F1-KIT-FBA
145251,POW113E1-KIT-FBA
145252,POW113IJ1-KIT-FBA
145275,20-051-07-KIT-FBA
145276,30-2280-KIT-FBA
145277,08-146-26-KIT-FBA
145291,24-017-09-KIT-FBA
145292,650306-300-KIT-FBA
145295,AOC-106001-KIT-FBA
145299,115091-KIT-FBA
145428,30002-KIT-FBA
145460,MDT823298-KIT-FBA
145461,C002-MD-KIT-FBA
145538,20-2021-KIT-FBA
145542,Wizmo-FBA
145543,08-148-21-FBA1
145544,08-148-19-KIT-FBA
145546,1006-2-KIT-FBA
145547,08-142-12-KIT-FBA
145548,IS-31150-KIT-FBA
145550,IS-31152-KIT-FBA
145551,IS-31145-KIT-FBA
145552,"IS-31140-KIT FBA"
145553,IS-31144-KIT-FBA
145862,8-000-011-KIT-FBA
145863,CEL-EPIC-SLV-KIT-FBA
145868,68147-KIT-FBA
145873,MS21W-KIT-FBA
145874,X504CRC-SEN
146182,0775104559-KIT-FBA
146762,02-034-00-1-KIT-FBA
146863,TBM1008LB-KIT-FBA
146964,HYG325YEL-KIT-FBA
146965,HYG325RED-KIT-FBA
146966,HYG325GRN-KIT-FBA
146967,HYG325BLUE-KIT-FBA
146968,HYG325BLK-KIT-FBA
146969,HYG325SIL-KIT-FBA
146971,2420-KIT-FBA
146972,0102-KIT-FBA
146974,2320-KIT-FBA
146977,0107-KIT-FBA
146982,WG-DP-001-KIT-FBA
146983,02-020-21-KIT-FBA
147094,GSUPCAT-KIT-FBA
147095,28-016-01-KIT-FBA
147099,SSCF-7-KIT1-FBA
147100,SSCF-9-KIT2-FBA
147102,BK4X4-CF-KIT1-FBA
147115,CG-10008-FBA-KIT
147146,130106-KIT-FBA
147147,RUMBLE-BX2-KIT-FBA
147255,RUMBLE-BXO-KIT-FBA
147256,RUMBLE-BO2-KIT-FBA
147257,RUMBLE-BRXT2-KIT-FBA
147258,RUMBLE-BXA-KIT-FBA
147456,PTA-SCS-SM
147457,AM2011
147565,TM2-SLEEVE-SUBZERO-SMALL-KIT-FBA
147569,MANTARAY-KIT-FBA
147573,ABM510400100-KIT-FBA
147574,ABM510400109-KIT-FBA
147591,JINV7000-KIT1-FBA
147596,ROK100H2O-Beige-FBA
147597,WG-EX-001-FBA
147598,WG-RG-001-FBA
148008,OMN-3110-BL-KIT-FBA
148055,EBW-1-KIT-FBA
148063,24-035-07-KIT-FBA
148064,SWT103SML-KIT-FBA
148065,0775104339-KIT1-FBA
148066,CRYOSPHERE-KIT-FBA
148074,101498-KIT-FBA
148077,CRPD30-KIT-FBA
148078,ZZHP1427-KIT-FBA
148388,USJ-784-FBA
149194,32-500-11-KIT-FBA
149195,36-324-15-KIT-FBA
149298,7751-XXL-KIT-FBA
149299,7751-L-KIT-FBA
149300,PTS-OPTP-701-KIT-FBA
149301,MF-1006-4X-KIT-FBA
150505,USJ-770-FBA
150508,USJ-768-FBA
150509,USJ-201-FBA
150519,USJ-101-FBA
151120,40-104-02-KIT-FBA
151121,BDS202LRGBL-KIT-FBA
151225,BT315-KIT-FBA.amzn1
151226,CFC-175.MISSING
151227,WG-OG-001-FBA
151283,FR200B-KIT-FBA
151435,BODYLN-10010-KIT-FBA
151436,10007-KIT-FBA
151437,10006-KIT-FBA
151439,BODYLN-10002-KIT-FBA
151441,10202-KIT-FBA
151442,10001-KIT-FBA
151443,BDL-10102-KIT-FBA
151444,10005-KIT-FBA
151447,10004-KIT-FBA
151448,10102-KIT-FBA
151507,OS-4000A-KIT-FBA
151508,OS-4000D-KIT-FBA
151509,OS-4000C-KIT-FBA
151510,OS-7200HD-KIT-FBA
151511,OS-7075R-KIT-FBA
151734,BJPPS001
152247,TKO-502HWM-KIT-FBA
152261,BONGERS-ASSORTED-FBA
152267,HYG114RD-KIT-FBA
152270,HYG114GRN-KIT-FBA
152271,N-201-786-KIT-FBA
152272,N-201-788-KIT-FBA
152274,N-201-790-KIT-FBA
152275,GVKR82-KIT-FBA
152276,GFB350-KIT-FBA
152387,PTA-HAMWRP-KIT-FBA
152391,44-005-00-KIT2-FBA
152392,POW102B-KIT2-FBA
152393,POW102C-KIT2-FBA
152395,POW102IJ-KIT-FBA
152396,POW113C1-KIT2-FBA
152397,POW100D-KIT-FBA
152398,POW100A-KIT-FBA
152399,POW110SMLA-KIT-FBA
152400,POW100B-KIT-FBA
152401,POW100C-KIT-FBA
152402,POW110PNK1-KIT2-FBA
152403,ICM4000s-2956-KIT-FBA
152404,ICM4000o-2994-KIT-FBA
152408,BJPPS005
152409,7751-S-KIT-FBA
152410,POW102D-KIT-FBA
152412,POW100G-KIT-FBA
152413,POW100F-KIT-FBA
152414,POW100E-KIT-FBA
152528,LZ3075-KIT1-3pk
152529,56-012-06-KIT1
154261,1476-KIT-FBA
154273,TG1900-KIT-FBA
154274,S01000-KIT-FBA
154275,LIGHTNING-KIT-FBA
154385,W-3400-KIT-FBA
155852,650306-200-KIT-FBA
155853,650306-400-KIT-FBA
155854,LS8812-KIT-FBA
155856,THP-FlexorPRO-KIT-FBA
155857,20-017-01-KIT-FBA
156716,SWD-22614-KIT-FBA
156724,772004669-KIT-FBA
156725,02-002-02-KIT-FBA
156726,772004229-KIT-FBA
156727,772004559-KIT-FBA
156728,7720-L-KIT-FBA
156729,7720-M-KIT-FBA
156730,7720-XS-KIT-FBA
156731,SWD-22612-KIT-FBA
156961,ROK106BLK-KIT-FBA
156974,A642-1-KIT-FBA
157468,52-006-02-KIT-FBA
157470,02-031-09-KIT2-FBA
157471,02-031-09-KIT3-FBA
157473,81-05AB-KIT2-FBA
157476,GTS-1000-KIT-FBA
157477,GTS-2000-KIT-FBA
157478,iWALK2-KIT-FBA
157479,M80-CAMOSNOW-KIT-FBA
157480,M80001-KIT-FBA
157481,M80002-KIT-FBA
157483,M80016-KIT-FBA
157484,M80024-KIT-FBA
157485,M80027-KIT-FBA
157486,M80028-KIT-FBA
157487,52-006-01-KIT-FBA
157488,RB-DL-KIT-FBA
157489,SC-250-05-KIT-FBA
157527,MANTARAY-STINGRAY-KIT-FBA
157571,20-051-08-FBA
157572,RUMBLE-BJ-KIT-FBA
157573,RUMBLE-BXO-KIT1-FBA
157574,USJ-206-KIT-FBA
157575,M80007-KIT1-FBA
157857,S24-SW-1-3345-KIT1-FBA
157858,S24-PP-1-5161-KIT1-FBA
157859,S24-IR-1-5154-KIT1-FBA
157860,S24-HP-1-3383-KIT1-FBA
157861,S24-EB-1-5147-KIT1-FBA
157862,S24-CB-1-3352-KIT1-FBA
157863,S16-TO-1-3260-KIT1-FBA
157864,S16-SW-1-5017-KIT1-FBA
157865,S16-SG-1-ABC-3338-KIT1-FBA
157866,S16-RB-1ABC-3314-KIT1-FBA
157867,S16-PP-1-3246-KIT1-FBA
157868,S16-IR-1-5055-KIT1-FBA
157869,S16-HP-1-5093-KIT1-FBA
157870,S16-FG-1-3406-KIT1-FBA
157871,S16-EB-1-3369-KIT1-FBA
157872,S15-SY-1-3253-KIT1-FBA
157874,PPK-470-KIT1-FBA
157875,BDSM100-KIT1-FBA
159444,BBGR/L-KIT1-FBA
159445,PAF6325-KIT1-FBA
159447,RLX104BLK-KIT1-FBA
159448,SCPK-KIT1-FBA
159450,BBBL/L-KIT1-FBA
159844,CPAF6325-KIT-FBA
159845,EZ5225-KIT-FBA
159846,M3204-KIT-FBA
159847,PPAF0710-KIT-FBA
159848,PAF6325-KIT-FBA
159849,BAF4701-KIT-FBA
160066,81-05A-KIT2
160069,VA4549TN-KIT-FBA
160071,24900-KIT1-FBA
160072,32-024-01-KIT1-FBA
160073,P1008-10-KIT1-FBA
160074,COR-1100-KIT1-FBA
160076,1-000-047-KIT1-FBA
160078,COR-1101-KIT1-FBA
160079,GP-12-KIT1-FBA
160080,EBW-2-KIT1-FBA
160081,OPTP-240-KIT1-FBA
160082,OPTP-4402KIT1-FBA
160083,OPTP-8843-KIT1-FBA
160084,OS-7200HA-KIT1-FBA
160085,OS-3D-BLACK-KIT1-FBA
160086,S16-CB-1-5024-KIT1-FBA
160297,PFID125X-KIT-FBA
160308,VISE-RED-KIT1-FBA
160309,VISE-BLACK-KIT1-FBA
160310,M3204-KIT1-FBA
160311,EZ5225-KIT1-FBA
160313,BAF4701-KIT1-FBA
160436,MS33W-KIT1-FBA
160437,AM411T-FBA
160438,40-019-00-KIT1-FBA
160448,AM311S-KIT1-FBA
160449,AM313-KIT1-FBA
160454,BackCycler-KIT-FBA
161034,OS-3D-BROWN-KIT-FBA
161035,OS-3D-CHARCOAL-KIT-FBA
161242,HSW10104-KIT1-FBA
161243,HSW10103-KIT1-FBA
161244,HSW10102-KIT1-FBA
161245,HSW10101-KIT1-FBA
162647,TOP50020103508-KIT1-FBA
162648,TOP50020103507-KIT1-FBA
162649,TOP50020103506-KIT1-FBA
162650,TG1400-KIT1-FBA
162651,OPTP-440PST-KIT1-FBA
162652,OPTP-440-2-KIT1-FBA
162654,KNF100GAL-KIT1-FBA
162655,KNF1008OZ-KIT1-FBA
162658,24-032-35-KIT1-FBA
162659,40-094-10-KIT1-FBA
162660,76233-02-KIT1-FBA
162665,SIT-KIT1-FBA
162666,30-92407-1-947-KIT1-FBA
162667,30-92410-1-948-FBA
162669,30-910R-FBA1
162673,81-02MML-KIT1-FBA
162674,28-008-05-KIT1-FBA
162675,BC-514-KIT1-FBA
162676,ROK100ARG-7538-KIT1-FBA
162677,MMP-9090-White-KIT1-FBA
162678,S-5000-KIT1-FBA
162679,S-100-KIT1-FBA
162680,10-1179-KIT1-FBA
162684,28-008-04-KIT1-FBA
162685,02-031-01-KIT1-FBA
162946,49000-KIT1-FBA
162947,WBSBA-KIT1-FBA
162948,IGROW-KIT1-FBA
162949,ROK100TAT-6412-KIT1-FBA
162950,ROK100TGR-1265-KIT1-FBA
163082,SkyRest-KIT1-FBA
163190,40-028-00-KIT1-FBA
163192,KDI-Cush-XF-NVY-KIT1-FBA
163193,FBPC550-FBA1
163195,M80003-KIT1-FBA
163196,M80004-KIT1-FBA
163197,M80005-KIT1-FBA
163198,M80008-KIT1-FBA
163199,M80009-KIT1-FBA
163200,M80010-KIT1-FBA
163201,M80011-KIT1-FBA
163202,M80012-KIT1-FBA
163203,M80013-KIT1-FBA
163204,M80014-KIT1-FBA
163205,M80015-KIT1-FBA
163206,M80020-KIT1-FBA
163207,M80021-KIT1-FBA
163208,M80023-KIT1-FBA
163209,7751-XS-KIT1-FBA
163321,12-1056-25-each-KIT1-FBA
163323,12-1056-25-each-KIT2-FBA-2PACK
163331,VITAPLEN-KIT1-FBA
163333,CLR-6260-KIT1-FBA
163334,CLR-6261-KIT1-FBA
163435,P1008-6-KIT1-FBA
164414,727142121-KIT1-FBA
164415,81-03H-KIT1-FBA
164416,FA-16-KIT1-FBA
164417,HL-15-KIT1-FBA
164418,40-020-11-KIT1-FBA
164420,40-020-13-KIT1-FBA
164422,PRO-900-GRY-KIT1-FBA
164423,iWALK2-KIT1-FBA
164424,iWALK2-KIT2-FBA
164425,40-094-02-KIT1-FBA
164426,52-005-01-KIT1-FBA
164427,52-005-02-KIT1-FBA
164430,HYG115GRN-KIT1-FBA
164525,2000BX-FBA
164692,P1008-7-KIT1-FBA
164693,P1008-8-KIT1-FBA
164694,P1008-9-KIT1-FBA
164695,40-094-08-KIT1-FBA
164697,2-025-001-KIT1-FBA
164699,40-094-03-KIT1-FBA
164932,PSFR36B-KIT1-FBA
164933,EP-2100-KIT1-FBA
164934,P5001-5-KIT1-FBA
164935,P1008-2-KIT1-FBA
165089,601-MD-BLK-KIT1-FBA
165090,601-SM-BLK-KIT1-FBA
165092,601-XL-BLK-KIT1-FBA
165189,601-SM-WHT-KIT1-FBA
165191,601-LG-WHT-KIT1-FBA
165193,601-MD-WHT-KIT1-FBA
165195,601-XL-WHT-KIT1-FBA
165197,601-L-BLK-KIT1-FBA
165322,BDS202SMLBL-KIT-FBA
165341,0101-KIT1-FBA
165342,0100-KIT1-FBA
166782,MMP-ULTRAPLUS-FILTER-KIT1-FBA
166994,ELT-11-1500-KIT-FBA
167013,CP316-KIT1-FBA
167015,"GBM 24 B-KIT1-FBA"
167016,45552-KIT1-FBA
167017,650308-400-KIT1-FBA
167018,650308-300-KIT1-FBA
167019,650308-200-KIT1-FBA
167020,SKYREST-KIT2-FBA
167358,THP-Companion-KIT1-FBA
167364,216-1081-KIT2-FBA
167365,216-1099-KIT2-FBA
167366,216-1107-KIT2-FBA
168029,7910-FBA1
168079,11010300-FBA1
168081,12010200-FBA1
168087,VC-24-B-FBA1
168200,28-018-10-FBA1
168219,2300-FBA1
168220,2310-FBA2
168221,2330-FBA3
168225,1902-FBA1
168230,PRIMER-BBP-FBA1
168231,52-002-04-1
168236,BJPPS003
168238,76233-03-FBA1
168239,76233-04-FBA1
168240,Gazelle-Freestyle-FBA
168241,HOT001-FBA1
168242,HOT002-FBA1
168243,HOT003-FBA1
168245,52-005-03-FBA1
168465,Core-221-FBA1
168609,EL-DORADO-FBA1
168636,OS-3D-CHARCOAL-FBA2
168637,OS-3D-BROWN-FBA2
168638,OS-3D-BLACK-FBA2
168647,MF-1006-FBA
169376,38-034-02-FBA1
170095,A6002BK-FBA
170096,OC06-FBA1
170103,HG100-FBA1
170104,HG150-FBA1
170105,HG200-FBA1
170106,HG250-FBA1
170107,HG300-FBA1
170108,HG350-FBA1
170235,40-094-06-FBA1
170237,AXR186-FBA1
170238,40-094-12-FBA1
170239,TIGERTAIL11-FBA1
170242,HT-1260-EBONY.amzn1
170552,F10040-FBA1
170588,HOOKS-ONLY-FBA1
170790,BDS106-FBA1
170809,30-2200-FBA
170812,A8111-FBA1
170825,NEONEO40-FBA1
171446,TH12LC-FBA1
171539,CRO105-FBA1
171542,38-034-04-New-FBA1
171543,38-034-03-New-FBA1
171547,FFH60150067-FBA1
173584,ARGYLE2-FBA1
173585,BRNCAMO2-FBA1
173586,BEIGE2-FBA1
173587,BIO2-FBA1
173588,BLACK2-FBA1
173589,BLOGO2-FBA1
173590,BLUE2-FBA1
173591,CAMO2-FBA1
173592,CLNIICAL2-FBA1
173593,COW2-FBA1
173594,GREEN2-FBA1
173595,NIKEGREEN2-FBA1
173596,NBLUE2-FBA1
173597,ORANGE2-FBA1
173598,PNK-ARGYLE-2-FBA1
173599,PNKCAMO2-FBA1
173600,PINK2-FBA1
173601,PNKLOGO2-FBA1
173602,PURP2-FBA1
173603,PINKSKULL2-FBA1
173604,RED2-FBA1
173605,RLOGO2-FBA1
173606,2SILVER-FBA1
173607,SKULL2-FBA1
173608,SWISS2-FBA1
173609,UK-FLAG-2-FBA1
173610,WHT2-FBA1
173611,YELLOW2-FBA1
173613,H2OBLKLOGO-FBA1
173614,H2O2-Blue-FBA1
173615,LIMEH202-FBA1
173619,2-TACTICAL-COSTA-LUDUS-FBA1
173692,RS8-FBA1
173693,RS4-FBA1
173694,255-FBA1
175608,20-051-08
175609,P7-N016-XP85
177591,6621A-FBA1
177593,10101GEL-L-FBA1
177594,HYG165LT-FBA1
177595,M80025-FBA1
177596,MDF-1142-06-FBA1
177597,36-403-05-FBA1
177598,36-403-06-FBA1
177605,MANTARAY-FBA1
177606,ROK101CLIN-FBA1
177607,TXMC2-FBA1
177609,28-018-02-FBA
179239,30-912R-FBA1
179244,ZZHP1414-FBA1
179245,28-004-09-FBA1
179248,28-007-03-FBA1
179249,28-007-03-FBA2
179251,28-007-04-FBA1
179252,28-007-04-FBA2
179253,28-007-05-FBA1
179254,DYX-1250-FBA1
179255,DYX-1248-FBA1
179256,0795304333-FBA1
179257,7751W-M-FBA1
181468,SWD-22615
182589,32-006-03-FBA1
182591,32-006-03-FBA2
182592,ACC-896-FBA1
182593,BAWP005-FBA1
182595,PRO-3405-KIT-FBA1
182596,10003-KIT2-FBA
182597,40-100-02-KIT
182598,COR-219-FBA
182599,Core-241-FBA
182601,MF-1006-KIT2-FBA
183029,ROK799975713908-FBA1
183030,ROK799975713892-FBA1
183031,ROK799975713885-FBA1
183032,ROK799975713878-FBA1
183033,ROK799975713861-FBA1
183034,ROK799975713854-FBA1
183035,ROK799975713991-FBA1
183036,ROK799975713984-FBA1
183037,ROK799975713977-FBA1
183038,ROK799975713960-FBA1
183039,ROK799975713953-FBA1
183040,ROK799975713946-FBA1
183064,10101BLU-S-FBA
183065,40-100-01FBA
183392,PTA-SCS-SM-FBA
184218,28-030-01-FBA
184219,36-403-09-FBA1
184220,10003-FBA
184223,32-018-00-FBA1-2PACK
184226,FROLTR-FBA1
184227,FROLTRBL-FBA1
184229,MHR-WS-FBA1
184230,RM-MB-FBA1
184231,RB20-FBA1
184232,SKINNY120CAP-FBA1
184233,VMTX-FBA1
184346,HYG28365CMB-KIT1
184347,512-KIT2
185721,36-403-04-FBA1
185731,AM4113T-FBA1
185741,6300-COLD-FBA1
185742,6302-COLD-FBA1
185780,RM-WS-FBA1
185781,7751W-L-FBA-KIT
185801,20016-white-FBA1
185802,CRM303LRG-FBA1
185803,B405C1-unit-FBA1
185804,B450B1-unit-FBA1
185806,0775105559-FBA1
185807,601-XL-NVY-FBA1
185808,601-SM-NVY-FBA1
185809,601-MD-NVY-FBA1
185810,601-LG-NVY-FBA1
185812,OPTP-440-2-FBA-2Packs
185815,THB-0150-FBA
185916,6301-COLD-FBA
185917,52-005-03-FBA
186250,080502N-FBA1
186251,CRO106-FBA1-6PACK
186252,CRO106-FBA2-24PACK
186253,CRO106-FBA3-36PACK
186254,B400B1-FBA
186260,1-000-110-FBA1
186261,1927-KIT1
186262,1927-FBA1
186606,28-018-10-FBA2
186607,HT-1230-FBA1
186610,ITSIS85027-FBA
186612,ITSIS85029-FBA
186613,ITSIS85031-FBA
186614,ITSIS85020-FBA
186616,ITSIS85022-FBA
186626,OS-4000A-FBA1
186641,A8111-FBA-KIT2
186643,CP314-FBA
186707,24-032-05-FBA
186708,40-094-04-FBA
186709,2000WXXX-FBA
186710,2000TL-FBA
186711,2000TXS-FBA
186712,2000TS-FBA
186715,2000TL-FBA1
186716,2000TXX-FBA
186717,2000TXXX-FBA
186718,IS-81006-FBA
186719,IS-81007-FBA
186720,IS-81008-FBA
186721,IS-81009-FBA
186722,IS-81010-FBA
186723,IS-81011-FBA
186724,FF13514-FBA1
187228,PINK6075-MD-FBA
187229,44-055-01-FBA
187849,2000BL-FBA
187856,08-148-19-FBA
187857,08-148-21-FBA
187858,MP-980A-FBA
187859,LJC-OLY-BLUE-FBA
187871,TASUS90CAP250U-FBA1-KIT
187890,90-00000-FBA
187900,40-030-00-KIT1-FBA.amzn1
187901,40-094-03-KIT1-FBA.amzn1
188008,30000-001-00-FBA
188149,SC080-3PACK-KIT-FBA
188150,SC093-KIT-FBA
188151,SC072-3PACK-KIT-FBA
188156,SC080-KIT-FBA
188157,32-010-01-KIT-FBA
188159,32-010-01-KIT2-FBA
188160,IKCap-KIT-FBA
3757,32-500-01
12439,32-042-01
12441,32-042-02
124263,40-104-01-KIT-FBA
145515,THERACANE
147577,02-042-20-FBA2-KIT1
148071,02-006-03-KIT-FBA2
156490,39-313-03-KIT-FBA2
156500,39-313-04-KIT-FBA2
163436,POW103K-KIT-FBA2
163438,POW103H-KIT-FBA2
163442,POW103B-KIT-FBA2
163443,POW103IJ-KIT-FBA2
163444,POW103A-KIT-FBA2
163445,POW103C-KIT-FBA2
163447,POW103G-KIT-FBA2
163448,POW103E-KIT-FBA2
163449,POW103F-KIT-FBA2
167231,05-58649-KIT-FBA2
167232,05-58653-KIT-FBA2
167233,05-58654-KIT-FBA2
170229,1112W-FBA2
170230,SHK121-FBA2
170798,02-032-05-FBA2
182581,32-500-01-FBA2
182586,32-018-00-FBA2
185724,24-009-01-FBA2
185743,02-032-01-FBA2-KIT
185744,02-032-02-FBA2-KIT
185747,02-032-07-FBA2-KIT
185748,17322-ZZ-FBA2-KIT
185749,17362-ZZ-FBA2-KIT
185918,32-006-03-FBA2-KIT
185919,35911-FBA2
186638,NEONEO40-FBA2
186685,02-042-20-FBA2-KIT2
186686,02-042-20-FBA2-PACK2
185746,7373-ZZ-FBA2-KIT
188323,BLRA-KIT1-FBA
163447,POW103G-KIT1-FBA2
188313,SP-101-KIT1-FBA
189134,MDS808200SLSR-KIT-FBA2
163445,POW103C-KIT1-FBA2
163441,POW103D-KIT-FBA2
188741,601-2XL-BLK-KIT1-FBA
163444,POW103A-KIT1-FBA2
90683,7751-S-KIT1-FBA2
192698,ROK110MANLXL-KIT1-FBA
190669,02-042-24-KIT1-FBA-2PACK
189958,227-2268-KIT1-FBA
190686,"7751-M -KIT1-FBA2"
190689,7751-XXL-KIT1-FBA2
11241,02-042-24-KIT1-FBA
170494,BULKBLACK2-KIT1-FBA
192700,ROK103BLKH2O-KIT1-FBA
188316,CLEARLY-SM-KIT1-FBA
188743,TTN601MDSAN-KIT1-FBA
188748,TTN601LGRBK-KIT1-FBA
188747,TTN601MDRBK-KIT1-FBA
170231,SHK1124B-FBA2
190678,ROK100WHT-KIT1-FBA2
190682,ROK100BLOGO-KIT1-FBA2
190677,ROK100SIL-KIT1-FBA2
190676,ROK100ORG-KIT1-FBA2
190167,SHB-02023-KIT1-FBA
29041,1704-04-KIT1-FBA
188829,ITSIS85023-KIT-FBA
188717,FM-502HWM-KIT-FBA
144459,36-403-08-KIT2-FBA
188744,TTN601LGSAN-KIT1-FBA
194196,30-1802-KIT1-FBA
188314,CLEARLY-LG-KIT1-FBA
157876,BDSM100-KIT2-FBA
188790,MI-1001-KIT-FBA
193428,SHK425MED-KIT1-FBA2
192192,SHK117SM-KIT1-FBA
163436,POW103K-KIT1-FBA2
190680,ROK100RLOGO-KIT1-FBA2
170234,SHK1100WS-FBA2
163448,POW103E-KIT1-FBA2
188312,SC373-KIT1-FBA
188749,TTN601XLRBK-KIT1-FBA
189454,7953-XS-KIT1-FBA
168196,30-912R
188311,8943PU-KIT1-FBA
188745,TTN601XLSAN-KIT1-FBA
141063,02-005-02-KIT-FBA
16345,MINDFOLD-KIT2
188317,SRBP-D-KIT1-FBA
188789,WG-DG-002-FBA
188144,1920-Red-FBA
188166,P3072-KIT-FBA
127118,B450D1-KIT1-FBA
188719,1A-L-KIT-FBA
188746,TTN601SMRBK-KIT1-FBA
186640,COR-220-FBA2
2754,OPTP-703_change2
192699,ROK103BGE-KIT1-FBA
146974,2320-KIT1-FBA
188349,02-034-01-FBA
195380,01A-XL-KIT1-FBA
145244,POW113G1-KIT-FBA1
190681,ROK100BGE-KIT1-FBA2
193974,INB-0004-KIT1-FBA2
170232,SHK1000PLS-FBA2
194197,ULTRASORB3136-KIT1-FBA2
185797,BLMSJR-Red-FBA2
190674,ROK100GRN-KIT1-FBA2
190671,ROK100YEL-KIT1-FBA2
196116,2-025-008-KIT1-FBA
189556,7953-L-KIT1-FBA
194200,GDCCBAR-KIT1-FBA
188315,CLEARLY-MD-KIT1-FBA
188297,RB-DL-1.5-KIT-FBA
189557,VA4549-BK-KIT1-FBA
188276,20-051-08-KIT-FBA
193454,HYG151LT-KIT-FBA
190670,ROK100BLK-KIT1-FBA2
190684,"7751-XS -KIT1-FBA2"
163442,POW103B-KIT1-FBA2
190687,7751-L-KIT1-FBA2
185798,BLASJR-Silver-FBA2
190688,7751-XL-KIT1-FBA2
185800,INB-0001-KIT-1
193979,INB-0001-KIT1-FBA2
190679,ROK100SKL-KIT1-FBA2
190672,ROK100PRP-KIT1-FBA2
193976,INB-0013-KIT1-FBA2
193978,INB-0008-KIT1-FBA2
195374,90163-KIT1-FBA
196123,28-005-02-KIT1-FBA
195378,01A-L-KIT1-FBA
196120,28-005-11-KIT1-FBA
195376,01A-M-KIT1-FBA
196122,28-005-04-KIT1-FBA
196115,OPTP-440-2-KIT2-FBA
11004,08-148-21
197445,36-403-10-KIT-FBA
184219,36-403-09-FBA3
184218,28-030-01-FBA3
147256,RUMBLE-BO2-KIT1-FBA
189557,VA4549-BK-KIT2-FBA
196125,08-148-18-KIT1-FBA
196126,08-148-20-KIT1-FBA
193430,SHK425LRG-KIT1-FBA
193429,530-SM-KIT1-FBA2
148009,IRBT-78002-KIT-FBA
145214,P1008-002-KIT1-FBA
195373,MASSAGE-NECKKIT-KIT1-FBA
188716,30-912R-KIT-FBA
197850,ZZHP147-KIT1-FBA
160448,AM311S-KIT2-FBA
186264,HOOKS-ONLY-KIT-FBA
196942,ORG-BLACK-KIT1-FBA
198430,775117-Large-KIT1-FBA
198438,77512-Large-KIT1-FBA
198544,77513-X-Large-KIT1-FBA
198428,775117-Small-KIT1-FBA
198434,77512-Small-KIT1-FBA
198545,77513-XX-Large-KIT1-FBA
198540,77513-X-Small-KIT1-FBA
198432,775117-XXL-KIT1-FBA
198543,77513-Large-KIT1-FBA
198541,77513-Small-KIT1-FBA
186667,OPTP-440-2-KIT3-FBA
183036,ROK799975713984-FBA3
145862,8-000-011-KIT-FBA.amzn1
186711,2000TXS-1-FBA
192697,ROK110MANSM-KIT1-FBA
198542,77513-Medium-KIT1-FBA
193977,INB-0011-KIT1-FBA2
193973,INB-0003-KIT1-FBA2
166995,SureComfort-HalterHalfSole-KIT2-FBA
16270,MINDFOLD
184230,RM-MB-FBA1.amzn1
200881,775120-SM-KIT1-FBA
200880,775120-XS-KIT1-FBA
192695,ROK110BLKLXL-KIT1-FBA
200884,775120-XL-KIT1-FBA
200882,775120-MD-KIT1-FBA
202479,36-403-07-KIT-FBA
202480,36-403-03-KIT1-FBA
204602,36-403-01-KIT-FBA
188607,Marpac-Dohm-DS-White
202475,DJAM-KIT1-FBA
194201,UFFLEX-KIT1-FBA2
194202,56-006-01-KIT1-FBA2
196837,02-015-01-KIT1-FBA2
207933,HYG328-KIT1-FBA2
200892,BJCAM001-KIT1-FBA2
200891,BJPLS001-KIT1-FBA2
204494,DermCream-KIT1-FBA
204491,DermSoap-3PACK-FBA
207948,GP27-White-KIT2-FBA
5854,02-005-02-1-KIT-INT
207949,GP27-White-KIT2-FBA2
207950,IC4003-KIT2-FBA
207927,081542919-KIT1-FBA
207954,30000-001-00-KIT-FBA
10998,08-148-19
207942,Nuve-KIT1-FBA2
207415,50000-KIT1-FBA
207953,IGROW-KIT1-FBA2
187873,TASUS90CAP250U-FBA2
197848,ZZHP1427-KIT1-FBA2
207975,001-40-KIT1-FBA2
207963,02-015-02-KIT1-FBA2
207977,40-094-02-KIT2-FBA
207978,0772004229-KIT1-FBA
130886,28-016-02-KIT1-FBA
208047,Acu-masseur.missing
204495,DermCream-2PACK-FBA
208048,02-020-20-KIT1-FBA
208458,DE500-KIT-FBA
208457,BJPPS002-KIT1-FBA
208455,FROLTRP-KIT1-FBA
201617,37810-KIT1-FBA
207955,iWALK2-KIT1-FBA2
208464,COR-222-KIT1-FBA2
208050,MF-1106-KIT1-FBA2
208460,005-FED1-KIT1-FBA2
208463,32-020-01-KIT1-FBA2
185705,POW114C-FBA2
208461,1950-KIT1-FBA2
207932,LJC-ONE-BLK-KIT1-FBA2
208787,HHB-3733-2PACK-FBA
208801,AM3111-KIT-FBA
208785,FOM-130-LRG-KIT2-FBA2
208786,FOM-130-PET-KIT1-FBA2
208784,FOM-130-LRG-KIT1-FBA2
208783,FOM-130-AVG-KIT2-FBA2
208782,FOM-130-AVG-KIT1-FBA2
207964,7751-M-KIT1-FBA2
208811,0772004669-KIT1-FBA2
208781,FOM-130-1XL-KIT1-FBA2
208808,7720-M-KIT1-FBA2
208807,0772004229-KIT1-FBA2
208806,7720-XS-KIT1-FBA2
116068,BJPPS002-KIT-INT
209034,MF-1106-KIT2-FBA2
210044,38-034-02-New-KIT2-FBA
210060,HYG24965CMB-KIT1-FBA1
210059,HYG24945CMB-KIT1-FBA
210063,227-2268-KIT2-FBA
210069,SC080-KIT1-FBA1
210067,SC079-KIT1-FBA1
210076,ROK200-KIT1-FBA1
186639,COR-200-FBA2
179016,INB-0007-FBA2-KIT
83932,DE500-KIT1-FBA
210090,HYG185GRNMED-KIT1-FBA1
210103,36-403-02-KIT1-FBA
210102,36-403-06-KIT1-FBA
207976,08-109-13-KIT1-FBA2
210079,DJAM-KIT1-FBA2
210065,9090-TE-BLACK-KIT1-FBA2
208810,0772004559-KIT1-FBA2
185704,POW114B-FBA2
208809,7720-L-KIT1-FBA2
163441,POW103D-KIT-1-FBA2
210126,FDK-01236-KIT1-FBA
210120,FDK-01083-KIT1-FBA
210127,FDK-01229-KIT1-FBA
210123,FDK-01335-KIT1-FBA
210119,FDK-01045-KIT1-FBA
210125,FDK-01281-KIT1-FBA
210121,FDK-01090-KIT1-FBA
210118,FDK-01038-KIT1-FBA
210124,FDK-01328-KIT1-FBA
204496,DermCream-3PACK-FBA
137235,IS-35011
210130,Marpac-Dohm-DS-Tan-KIT-FBA
210122,FDK-01106-KIT1-FBA
209030,M80002-KIT1-FBA
192693,ROK110BLKSM-KIT1-FBA
210117,OPTP-440-2-KIT1-FBA.amzn1
209032,40-103-00-KIT1-FBA
210113,Marpac-Dohm-DS-Tan-KIT1
210206,HYG308-KIT1-FBA
210203,BUTTER-NUB-KIT1-FBA
207980,667078-KIT1-FBA
210222,76233-01-KIT1-FBA
210224,76233-00-KIT1-FBA
198429,775117-Medium-KIT1-FBA
198437,77512-Medium-KIT1-FBA
210091,MDS86000G2-KIT1-FBA1
211051,HYG185GRNMED-KIT2-FBA2
210041,FF-PF2-KIT1-FBA
211066,110331-KIT1-FBA
208456,40-002-01-KIT1-FBA
208010,USJ-625-KIT1-FBA
201618,MRY-1700FLLF-KIT1-FBA
211086,42181-KIT1-FBA
211088,TTN501LG-KIT1-FBA
211053,Titin-Shorts-X-Small-KIT1-FBA
211089,TTN5012X-KIT1-FBA
211069,TTN501MD-KIT1-FBA
211087,TTN501SM-KIT1-FBA
211090,TTN5013X-KIT1-FBA
211393,TTN501XL-KIT1-FBA
211394,ADJ-HL-SM-6PACK-KIT1-FBA
211064,ADJ-HL-SM-4PACK-KIT1-FBA
211063,ADJ-HL-MD-4PACK-KIT1-FBA
211609,ADJ-HL-LG-6PACK-KIT-FBA
211062,ADJ-HL-LG-4PACK-KIT1-FBA
211058,ADJ-HL-LG-2PACK-KIT1-FBA
211607,ADJ-HL-MD-6PACK-KIT1-FBA
211056,ADJ-HL-MD-2PACK-KIT1-FBA
211055,ADJ-HL-SM-2PACK-KIT1-FBA
211826,C-2102-E-1-KIT1-FBA
211034,110910-KIT1-FBA
212242,56-003-01-KIT-FBA
212347,HYG167-KIT1-FBA
210104,36-403-03-KIT2-FBA
210205,ZIPPY-KIT1-FBA
209028,M80-CAMOSNOW-KIT1-FBA
209024,AM4113T-KIT-FBA
210129,SWT113-KIT1-FBA2
210128,330122-KIT1-FBA2
25040,EGYPTMG-FBA2
212353,77512-Small-KIT2-FBA
212351,77512-X-Large-KIT2-FBA
212354,56-002-02-KIT1-FBA
211033,MANTARAY-KIT1-FBA2
212352,77512-X-Small-KIT2-FBA
210083,PLDEP001-KIT1-FBA1
210109,COR-200-KIT-FBA2
193972,INB-0014-KIT1-FBA2
212355,FATGRIPZ-KIT1-FBA
212389,36-403-04-KIT1-FBA
212356,JINV7000-A-KIT-FBA
212384,FD-26337-KIT1-2PACK-FBA
212379,BDSM100-KIT1-FBA2
210064,H2Go-KIT1-FBA2
207972,BBD100PRO-KIT1-FBA
212400,24-032-05-KIT1-FBA
115655,52-001-01-KIT3
212399,24-032-04-KIT1-FBA
212397,28-014-01-KIT1-FBA
212464,52-001-01-KIT1-3PACK
202463,FOM-130-AVG-KIT2-FBA
115662,52-001-09-KIT1-FBA
212404,IRBT-77002-KIT1-FBA2
212507,POW103F-KIT1-FBA2
212511,1951-KIT1-FBA
212502,PLW-06-COMBO-KIT-FBA
212510,1954-KIT1-FBA
212503,ITSIS34001-KIT1-FBA
165332,JINV7000-A
212566,32-015-02-KIT1-FBA
212565,1953-KIT1-FBA
212575,32-008-02-KIT1-FBA
212576,32-016-06-KIT1-FBA
212574,32-015-06-KIT2-FBA
212573,K2SB-KIT1-FBA
212570,32-015-06-KIT1-FBA
212568,32-015-05-KIT1-FBA
212567,32-015-03-KIT1-FBA
212584,28147-KIT1-4PACK
115678,52-001-04-KIT5
211071,COR-200-KIT2-FBA2
212613,100LS-KIT1-FBA
212604,ROK104BLOGO-KIT1-FBA
212603,ROK104BGE-KIT1-FBA
212601,ROK104CLIN-KIT1-FBA
212600,ROK104BLU-KIT1-FBA
212398,24-033-10-KIT1-FBA
212401,24-032-06-KIT1-FBA
122388,BB9-PF-2-KIT-FBA1
179019,INB-0027-FBA2-KIT
210066,MMP-11-BLACK-KIT1-FBA2
123700,H2Go
185703,POW114A-FBA2
212615,LogicMark-30911
193975,INB-0005-KIT1-FBA2
185796,BLMSJR-Blue-FBA2
212612,Ori-Pack-Snow-Peak-KIT1-FBA2
212611,Ori-Pack-Snow-Carve-KIT1-FBA2
212582,6017-KIT1-FBA2
212610,Ori-Pack-Rasta-KIT1-FBA2
212608,Ori-Pack-Green-KIT1-FBA2
212609,Ori-Pack-Primal-KIT1-FBA2
212606,Ori-Pack-Blue-KIT1-FBA2
212623,POW103H-KIT-FBA2.amzn1
212622,LJC-ONE-BLK-KIT1-FBA2.amzn1
212640,40-094-04-KIT1-FBA
212628,2-025-004-KIT1-FBA
212626,2-025-005-KIT1-FBA
212625,2-025-003-KIT1-FBA
212627,2-025-002-KIT1-FBA
170150,TrainingMask-M-FBA2
212642,24-032-04-KIT2-FBA
212638,LB-NVY-CM-KIT-FBA
212643,LB-GRY-CM-KIT1-FBA
194938,FP200.001000-KIT1-FBA
200883,775120-LG-KIT1-FBA
188352,RUMBLE-BRXT2-FBA
212651,TrainingMask-S-KIT1-FBA2
212657,TM2-SLEEVE-SUBZERO-MEDIUM-KIT1-FBA2
212594,02-011-01-KIT1-FBA2
212648,TM2-SLEEVE-AMERICAN-LARGE-KIT1-FBA2
212647,TM2-RESISTANCE-VALVES-YELLOW-KIT1-FBA2
212629,USJ-625-KIT1-FBA2
212656,TrainingMask-S-KIT2-FBA2
212654,TrainingMask-L-KIT2-FBA2
212644,TM2-RESISTANCE-VALVES-PURPLE-KIT1-FBA2
212653,TrainingMask-L-KIT1-FBA2
212597,35911-KIT1-FBA2
212772,SC079-KIT2-FBA
212783,HYG185GRNMED-KIT2-FBA
212776,SAF-2122BL-KIT1-FBA
212822,36-403-11-KIT1-FBA
212786,HYG185BLUHVY-KIT2-FBA
212785,HYG185GRNMED-KIT3-FBA
212780,HYG185BLUHVY-KIT1-FBA
212779,HYG185GRNMED-KIT1-FBA
212841,FD-26337-KIT1-FBA
212883,FR250A-filteronly-KIT1-FBA
66587,A200A1-KIT1-FBA
210043,20-051-08-KIT1-FBA
212848,UCE-11-KIT1-FBA
212771,ROK104GRN-KIT2-FBA
212891,LJC-ONE-BLK-KIT1-FBA
212864,20002-white-KIT1-FBA
212775,PSP-PL776-KIT-FBA
212844,UCE-11-KIT1-FBA2
212856,52-002-04-KIT12-FBA2
212878,A200A1-KIT1-FBA2
212855,52-002-06-KIT1-FBA2
212853,52-002-02-KIT1-FBA2
212851,52-002-01-KIT1-FBA2
212854,52-002-04-KIT1-FBA2
212882,ROK104GRN-KIT1-FBA2
212897,IDEALSTRETCH-NoDVD-KIT-FBA
212541,WOMENHOOK-PINK-KIT1-FBA
212663,MRY-1700FL-KIT-FBA
202459,FOM-130-AVG-KIT1-FBA
212895,IDEALSTRETCH-KIT-FBA
201620,4646-6-KIT1-FBA
212893,BGR-MASSAGE-PURPLE-KIT1-FBA
202461,FOM-130-1XL-KIT1-FBA
208468,COR-220-KIT1-FBA2
208462,20-051-07-KIT1-FBA2
212899,Acu-Masseur-KIT1-FBA2
212581,6002-KIT1-FBA2
188006,FIQ116-FBA
212887,JINV7000-KIT1-FBA2
35371,BreathSlim-KIT1-FBA2
212900,40-101-00-KIT1-FBA2
212901,40-100-03-KIT1-FBA2
213838,FootRubz-MassageBall-KIT-FBA
213844,OC06-KIT-FBA
213848,WG-OG-001-FBA.amzn1
212860,52-002-06-KIT1-FBA
213841,NEONEO40-KIT1-2PACK-FBA1
212861,52-002-08-KIT1-FBA
212888,DYX-1343-SINGLE-KIT1-FBA
212890,FDK-01359-KIT1-FBA
204492,DermSoap-6PACK-FBA
213953,9002-KIT1-FBA1
212662,MRY-1700-KIT-FBA
212784,HYG185YELXLT-KIT1-FBA
146978,PINK6801-KIT1-FBA
212840,6045-ORG-XS/S-KIT1-FBA
212847,MMP-11-BLACK-KIT1-FBA
212599,BLW-4X4-BB-unit-KIT1-FBA
212871,02-001-01-KIT1-FBA-DISC
213837,Rubz-3MULTI-KIT-FBA
212877,ROK113LRG-KIT1-FBA
212935,MDK-GO-LIGHT-BLACK-KIT1-FBA
209031,M80024-KIT1-FBA
212874,ROK113SML-KIT1-FBA
212872,ITSIS11247-KIT1-FBA-DISC
216159,RB-DL-1.5-KIT1-FBA2
866,52-001-02
216187,MMP-7070T-KIT1-FBA
216191,FR200A-filteronly-KIT1-FBA
212769,ROK104BLOGO-KIT2-FBA
216186,601-2XL-NVY-KIT1-FBA1
212886,DYX-2511-SINGLE-KIT1-10PACK-FBA
216200,CP315-KIT2-FBA
213846,PRO-900-GRY-KIT-FBA
216208,37812-KIT1-FBA
216207,37811-KIT1-FBA1
212598,HOL17077P-KIT1-FBA
212884,ASB2336-KIT1-FBA
216184,RUMBLE-RRC126-KIT1-FBA
197144,SWD-22615-BLK-KIT-FBA
216156,17302-ZZ-KIT1-FBA2
214155,BONGO-KIT1-FBA2
170799,02-032-04-FBA2
216196,CP302-KIT1-FBA2
216201,CP315-KIT1-FBA2
212393,OPTP-440-2-KIT1-FBA2
170801,7361-ZZ-FBA2
216194,CP301-KIT1-FBA2
216192,FR200B-filteronly-KIT1-FBA2
216182,RUMBLE-RR316-KIT2-FBA2
216177,RUMBLE-BJ-KIT1-FBA2
212850,10002-KIT1-FBA2
216190,136DK-KIT1-FBA2
216180,RUMBLE-RR316-KIT1-FBA2
216158,PL-SP-COMBO-KIT1-FBA2
213849,STINGRAY-KIT1-FBA2
170800,7321-ZZ-FBA2
216176,20-056-01-KIT1-FBA2
208780,CRM303SML-KIT1-FBA2
213850,IQA-102101000-KIT1-FBA2
216183,RUMBLE-RRCX127-KIT1-FBA2
213851,IQA-102141400-KIT1-FBA2
216195,GTS-2000-KIT1-FBA2
216157,20-025-06-KIT1-FBA2
216211,THM-2500-KIT1-FBA
216228,HYG210-KIT1-2PACK-FBA
212823,36-403-05-KIT1-FBA
212821,36-403-06-KIT2-FBA
138844,BackJoy-KIT-FBA
212875,ROK113MED-KIT1-FBA
216244,COMPLETE-ZENEARTH-KIT1-FBA
216242,TWINPRO-ZENEARTH-KIT1-FBA
216246,BACKKITPRO-ZENEARTH-KIT1-FBA
216245,COMPLETE-TRICOLOR-KIT1-FBA
216247,MDTDEALERPK1-KIT1-FBA
157472,81-05A-KIT2-FBA
202460,FOM-130-LRG-KIT1-FBA
212873,ROK113XS-KIT1-FBA
202458,FOM-130-PET-KIT1-FBA
216235,4101-KIT1-FBA2
216254,GRIPAD-BLK-KIT1-FBA2
212894,BGR-MASSAGE-BLUE-KIT1-FBA2
216229,BRXS2-KIT1-FBA2
216213,28-004-09-KIT1-FBA2
216212,2102-KIT1-FBA2
216255,GRIPAD-BLU-KIT1-FBA2
216238,WG-DP-001-KIT1-FBA2
216258,32-042-01-KIT1-FBA2
216178,RUMBLE-BXA-KIT1-FBA2
216257,MDT5000Z-KIT1-FBA2
216236,WG-RG-001-KIT1-FBA2
216251,BLCS-Black-KIT1-FBA2
216237,WG-OG-001-KIT1-FBA2
216234,56-012-02-KIT1-FBA2
216231,1400-D-KIT1-FBA2
216311,SAF-2105-KIT1-FBA
216256,MDT5000Z-KIT1-FBA
216265,BL4X2-BB-unit-KIT1-FBA
216281,DYX-2339-SINGLE-KIT1-FBA
216277,CRM304WHTXSML-KIT1-FBA
216271,32-005-02-KIT1-FBA
216261,24-032-82-KIT1-FBA
216280,BRBX25-KIT1-3PACK-FBA
216312,MDS808200AB-DISC-KIT1-FBA
216259,BL4X4-BB-unit-KIT1-FBA
216310,FR410B-filteronly-KIT1-FBA
216268,GIAC7099-DISC-KIT1-FBA
216314,IS-31153-DISC-KIT1-FBA
216269,32-006-03-KIT1-FBA
216230,1400-D-KIT1-FBA
216232,1100-S-KIT1-FBA
216272,32-005-02-KIT1-FBA2
212646,TM2-RESISTANCE-VALVES-BLACK-KIT1-FBA2
216267,BL4X2-BB-unit-KIT1-FBA2
216252,BLMSJR-Black-KIT1-FBA2
216275,32-500-04-KIT1-FBA2
216233,1100-S-KIT1-FBA2
216296,SL2Asm-KIT1-FBA2
216204,CP309-KIT1-FBA
216327,12-050-01-KIT1-FBA
216198,CP314-KIT1-FBA
216202,CP316-KIT2-FBA
202465,FOM-130-LRG-KIT2-FBA
216339,COR-220-FIB-225-2PACK-FBA
216297,SL2A-KIT1-FBA2
216282,32-019-01-KIT1-FBA2
216264,BL4X4-BB-unit-KIT1-FBA2
216302,SL2F-KIT1-FBA2
216283,32-024-01-KIT1-FBA2
216199,CP314-KIT1-FBA2
216181,RUMBLE-RRX317-KIT1-FBA2
216239,BDS106-KIT1-FBA2
216331,Tgrip20pink-DISC-KIT1-FBA2
216332,Tgrip25red-DISC-KIT1-FBA2
216338,P1008-S-KIT1-FBA2
216285,SLIJ-KIT1-FBA2
216286,SLH-KIT1-FBA2
216323,ROK1054OZ-KIT1-FBA2
216324,ROK1058OZ-KIT1-FBA2
216291,SLC-KIT1-FBA2
216293,SLA-KIT1-FBA2
216300,SL2D-KIT1-FBA2
216299,SL2C-KIT1-FBA2
216289,SLE-KIT1-FBA2
216292,SLB-KIT1-FBA2
216278,MJ-TXFBLU10-BLK-KIT1-FBA
216389,6045-YWL-XS/S-DISC-KIT1-FBA
216388,6045-BGE-XS/S-KIT1-FBA
216384,43364-KIT1-FBA1
216391,6045-145-00-AMRCNFLGPRNT-XS/S-KIT1-FBA
216392,BON161LAV-KIT1-FBA
216383,63N-KIT1-FBA
216386,EMG103911-KIT1-FBA
216364,WP4NY34000-KIT1-FBA2
216375,WP5NZ34000-KIT1-FBA2
216370,WP5N534002-KIT1-FBA2
216362,WP4NX32000-KIT1-FBA2
216363,WP4NX34000-KIT1-FBA2
216377,WP5NZ33000-KIT1-FBA2
216369,WP5N533002-KIT1-FBA2
216361,WP4N534002-KIT1-FBA2
216374,WP5NZ32000-KIT1-FBA2
216368,WP5N532002-KIT1-FBA2
216360,WP4N533002-KIT1-FBA2
216367,WP4NZ34000-KIT1-FBA2
216371,WP5NY32000-KIT1-FBA2
216359,WP4N532002-KIT1-FBA2
216366,WP4NZ33000-KIT1-FBA2
216373,WP5NY34000-KIT1-FBA2
216365,WP4NZ32000-KIT1-FBA2
216378,WP4NY32000-KIT1-FBA2
216372,WP5NY33000-KIT1-FBA2
216407,CRN8X4-BB-unit-KIT1-FBA
216405,CRN8X2-BB-unit-KIT1-FBA
216401,HYG142-KIT1-FBA
216402,68147-KIT1-FBA1
17497,02-031-03-KIT1-FBA
216334,5320-KIT1-FBA
216410,12092-0692-KIT1-FBA
216322,24-033-06-KIT1-FBA
216414,6045-BGE-XS/S-KIT2-FBA
216434,B405B1-unit-KIT1-FBA
216435,B405A1-unit-KIT1-FBA
216460,VTS-1000-KIT1-FBA
216456,MuscleTracEliteGray-KIT1-FBA
216447,228-0931-KIT1-FBA
188742,TTN601SMSAN-KIT1-FBA
216452,ITSIS25004-KIT1-FBA
216451,ITSIS25003-KIT1-FBA
216450,ITSIS25002-KIT1-FBA
216453,ITSIS25005-KIT1-FBA
216449,ITSIS25001-KIT1-FBA
186659,BLRA
162955,CRO102-KIT-2PACK-FBA
216390,38-385-06-New-KIT1-FBA2
216379,SHK1182X-DISC-KIT1-FBA2
216409,TPT-SMRT-PK1OW-KIT1-FBA2
216404,CRN8X2-BB-unit-KIT1-FBA2
216342,SHB-02024-KIT1-FBA2
216380,SHK118LRG-DISC-KIT1-FBA2
216381,SHK118XSML-DISC-KIT1-FBA2
216385,NONTH150-KIT1-FBA
216674,6322-100-01-KIT1-FBA
216675,6322-100-02-KIT1-FBA
216684,CCFDL93011-KIT1-FBA
216455,AM4113T-KIT1-FBA2
216454,A205A1-unit-KIT1-FBA2
216440,10101GEL-S-KIT1-FBA2
216459,02-005-03-DISC-KIT1-FBA2
216441,10101GEL-M-KIT1-FBA2
216442,10101GEL-XL-KIT1-FBA2
216284,32-019-03-KIT1-FBA2
216406,CRN8X4-BB-unit-KIT1-FBA2
216203,CP316-KIT1-FBA2
216408,IQA-1AGUA0RGU-KIT1-FBA2
216693,FFDVD-KIT1-FBA
216347,P5001-3-casebreak-KIT1-FBA
216294,SKYREST-KIT1-FBA2
216179,RUMBLE-BXO-KIT1-FBA2
216279,BDL-10102-KIT1-FBA2
216276,SI00050-KIT1-FBA2
216270,32-006-03-KIT1-FBA2
216288,SLF-KIT1-FBA2
216301,SL2E-KIT1-FBA2
216298,SL2B-KIT1-FBA2
216290,SLD-KIT1-FBA2
216287,SLG-KIT1-FBA2
216692,FF13514-BUNDLE-KIT1
216701,ULTRASORB2436-KIT1-FBA
216699,ROTD-KIT1-FBA
216387,36-007-02-KIT1-FBA
138274,CP302-KIT-FBA
216733,ROK103BLU-KIT1-FBA
170165,BLARG-BULK-2
216738,ROK103BLOGO-KIT1-FBA
216729,ROK103PRP-KIT1-FBA
216726,1139526-DISC-KIT1-FBA
216727,ROK103PNK-KIT1-FBA
216734,ROK103GRN-KIT1-FBA
216731,ROK103RED-KIT1-FBA
216702,CP501-KIT1-FBA
216703,CP502-KIT1-FBA
216307,POW113H1-KIT1-FBA2
216757,ROK101BLU-KIT1-FBA
216753,ROK101BLK-KIT1-FBA
216755,ROK101PRP-KIT1-FBA
216751,ROK103CLIN-KIT1-FBA
212369,TR-20-KIT1-FBA
216781,6057-M-BLK-KIT1-FBA
216780,6057-S-BLK-KIT1-FBA
188333,1613-NAVY-KIT1-FBA
212366,NB59-KIT1-FBA
216768,ROK101LME-KIT1-FBA
216759,ROK101GRN-KIT1-FBA
216761,ROK101PNK-KIT1-FBA
216763,ROK101BARG-KIT1-FBA
216772,ROK101CLIN-KIT1-FBA2
216732,ROK103RED-KIT1-FBA2
216752,ROK103CLIN-KIT1-FBA2
216762,ROK101PNK-KIT1-FBA2
216776,1613-NAVY-KIT1-FBA2
216457,GSEATLITE-KIT1-FBA2
216730,ROK103PRP-KIT1-FBA2
216764,ROK101BARG-KIT1-FBA2
216303,POW113A1S-KIT1-FBA2
216736,ROK103BGE-KIT1-FBA2
216756,ROK101PRP-KIT1-FBA2
216766,ROK101BLOGO-KIT1-FBA2
216728,ROK103PNK-KIT1-FBA2
216760,ROK101GRN-KIT1-FBA2
216754,ROK101BLK-KIT1-FBA2
216770,ROK101LME-KIT1-FBA2
216735,ROK103GRN-KIT1-FBA2
216758,ROK101BLU-KIT1-FBA2
216773,24-035-07-KIT1-FBA2
216778,EXT-TushCush-BLK-KIT1-FBA2
216774,T8S-RD-KIT1-FBA2
216799,32-018-01-KIT1-FBA
216794,HYG206BL-KIT2-FBA
216793,HYG206BL-KIT1-FBA
216797,42183-KIT1-FBA
216678,6322-141-02-KIT1-FBA
216676,6322-108-01-KIT1-FBA
216667,1700PRN-KIT1-FBA
216683,6311-Large/XLarge-KIT1-FBA
216679,6322-141-01-KIT1-FBA
216677,6322-108-02-KIT1-FBA
216682,6311-Small/Medium-KIT1-FBA
216785,32-022-01-KIT1-FBA2
216308,TPT-KIT-KNEEW-KIT1-FBA2
185745,7362-ZZ-FBA2-KIT
216820,CRM304BLKLRG-KIT1-FBA
216828,IMP6X4-BB-unit-KIT1-FBA
216826,CRM304WHTSML-KIT1-FBA
216825,CRM304WHTMED-KIT1-FBA
216824,CRM304WHTLRG-KIT1-FBA
216823,CRM304BLKXSML-KIT1-FBA
216821,CRM304BLKMED-KIT1-FBA
216817,ABM510401300-KIT1-FBA
216816,ABM510401000-KIT1-FBA
216818,ABM510401306-KIT1-FBA
216815,ABM510401006-KIT1-FBA
216822,CRM304BLKSML-KIT1-FBA
216813,TT455-each-KIT1-FBA2
216829,IMP6X4-BB-unit-KIT1-FBA2
216774,T8S-RD-KIT2-FBA2
216205,CP309-KIT1-FBA2
216840,BACKKITPRO-DEEPOCEAN-KIT1-FBA
216835,HYG327GRN-KIT1-FBA
216858,02-001-04-DISC-KIT1-FBA
216857,BRCK-KIT1-FBA
216853,AM2111-KIT1-FBA2
216792,WS4N504-KIT1-FBA2
216856,IQA-1BAUA0CGU-KIT1-FBA2
216859,INB-0016-KIT-FBA2
216854,EL-DORADO-KIT1-FBA2
216827,30-600-1-921-KIT1-FBA
216841,BACKKITPRO-REACTIVEVIOLET-KIT1-FBA
216243,TWINPRO-STEELGREY-KIT1-FBA
216865,TT057-each-KIT1-FBA
216842,BACKKITPRO-STEELGREY-KIT1-FBA
216867,WristWidget-Red-KIT1-FBA
216866,WristWidget-Beige-KIT1-FBA
212506,FDK-01205-KIT1-FBA
217014,MDK-PL71-LURE-DISC-KIT-FBA
216786,WS4NX02-KIT1-FBA2
216887,IQA-1BBUA0DGU-KIT1-FBA2
115975,32-500-05-FBA
217034,DYX-7107-Single-Breakcase
217037,DYX-2613-SINGLE-KIT1-FBA
217033,DYX-1341-SINGLE-KIT1-3PACK-FBA
217031,SLANTL-KIT1-FBA
216788,WS4NX04-KIT1-FBA2
216888,IQA-1CCUB0HGB-KIT1-FBA2
216805,40-094-02-KIT1-FBA2
217030,RB20-KIT1-FBA2
216806,16-811-01-KIT1-FBA
217047,30000-001-00-KIT1-FBA-FFP
216787,WS4NX03-KIT1-FBA2
216789,WS4N502-KIT1-FBA2
216838,TWINPRO-DEEPOCEAN-KIT1-FBA
217050,UFFLEX-BUNDLE-KIT-FBA
217067,631-KIT1-FBA
217066,633-KIT1-FBA
217071,COR-1100-KIT2-FBA
217070,6310-BL-KIT1-FBA
217068,OPTP-346-KIT1-FBA
217062,OPTP-440-2-KIT1-FFP
212350,77512-Medium-KIT2-FBA
216868,SHMAT-ORG-KIT1-FBA2
217118,475-KIT1-FBA
217119,474-KIT1-FBA
217173,COR-200-KIT1-FBA
217167,40-046-12-KIT1-FBA
217174,COR-200-KIT1-2PACK-FBA
217117,32-500-05-KIT1-FBA2
217063,DYX-4482-KIT1-FBA
217064,DYX-1157-SINGLE-KIT1-FBA
217059,OPTP-433-KIT1-FFP
217076,42183-KIT2-FBA
217042,20-021-01-KIT1-FBA
217017,BSTFR36H-KIT-FBA
217018,BSTFR36F-KIT1-FBA
217169,Core-6062-L-KIT1-FBA
219024,12-1056-25-each-KIT-FBA
116263,WBC16-KIT-FBA
219087,40-026-03-KIT1-FBA
219088,40-012-01-KIT1-FBA
219152,56-002-01-KIT4-FBA
217051,EMG1031012-KIT1-FBA
219086,40-026-02-KIT1-FBA
219155,ROK200-KIT1-FBA2
217175,40-043-00-KIT1-FBA
219621,FF-PFK2-KIT-FBA
216681,6322-110-02-KIT1-FBA
216680,6322-110-01-KIT1-FBA
217057,BST-100-KIT1-FBA
217056,S660-KIT1-FBA
219620,USJ-770-KIT-FBA
217176,ACC-896-KIT1-FBA
217069,OPTP-345-KIT1-FBA
219624,B400C1-unit-KIT-FBA
219859,TTN601MDNVC-KIT1-FBA
219865,TTN601XLGRY-KIT1-FBA
219853,TTN601LGNVC-KIT1-FBA
219866,TTN601XLNVC-KIT1-FBA
219852,TTN601LGGRY-KIT1-FBA
219850,TTN6012XNVC-KIT1-FBA
219845,TTN6012XGRY-KIT1-FBA
219857,TTN601MDGRY-KIT1-FBA
219518,MF-2177-04-KIT1-FBA
220128,BodyLog-18-Rainbow-KIT1-FBA
220222,M-CoreStretch-KIT1-FBA
220272,MYONATURAL-KIT1-FBA
220805,REGE-BIO-KIT1-FBA
220804,REGE-NT-KIT1-FBA
220803,REGE-DR-KIT1-FBA
220801,REGE-SUP-KIT1-FBA
220493,IKBall-KIT1-FBA
219573,Handfix-KIT1-FBA
220137,FootLog-BLKWHITE-KIT1-FBA
218249,FBPC65-KIT1-FBA
220426,6322-114-01-KIT1-FBA
220952,SG8GP-KIT1-FBA
220393,LZ4045-KIT1-3PACK-FBA
220243,E61385-KIT1-FBA
212835,16-907-01-KIT1-FBA
168506,IRBT-R650020-KIT1-FBA
220963,POW100F-KIT1-FBA2
220962,POW100E-KIT1-FBA2
220961,POW110PNK1-KIT1-FBA2
220960,POW110PNH1-KIT1-FBA2
220959,POW110SMLA-KIT1-FBA2
220596,32-039-10-KIT1-FBA2
218104,6300-COLD-KIT1-FBA2
216306,POW113D1-KIT1-FBA2
220953,SG8GP-KIT1-FBA2
220964,IQA-102181000-KIT1-FBA2
220991,MLA57081-KIT1-FBA
220989,12094-KIT1-FBA1
221071,32-042-02-KIT1-FBA2
220594,BLRA-KIT-FBA
220427,6322-114-02-KIT1-FBA
218995,40-026-01-KIT1-FBA
219089,40-013-01-KIT1-FBA
220986,KABOOTI-BLUE-KIT1-FBA
216305,POW113B1-KIT1-FBA2
217058,56-009-01-KIT1-FBA2
216750,ROK103BLKH2O-KIT1-FBA2
188007,30000-001-00
221219,LightReliefAndPad-KIT1-FBA
221325,PE8007-WHITE-DISC-KIT1-FBA
221357,TT057-each-KIT2-FBA
212862,20128-white-KIT1-FBA
221291,INB-0016-KIT1-FBA
220993,MLA57081-KIT1-FBA2
221435,PINK6073-XS-DISC-KIT2-FBA
221436,BJPPS001-KIT-FBA
221430,B400D1-unit-KIT1-FBA
221244,M-PT100-KIT1-FBA2
221392,PSFR36B-FBA-KIT1-FFP
221434,RUMBLE-BW-KIT1-FBA
221433,FBPC45-KIT1-FBA
217049,PSFR36-KIT-FBA-FFP
221432,02-001-03-KIT1-FBA
221437,Bikee-YL-DISC-KIT1-FBA
221384,PPM24B-KIT1-FBA
221462,SRBP-KIT1-FBA
186263,36-007-01-FBA1
221650,10006-KIT1-FBA
221819,AM413ZTA-AM4113ZT-KIT1-FBA
221424,05-52805-KIT1-FBA2
221066,IQA-102501000-KIT1-FBA2
221825,Bikee-RD-KIT1-FBA2
221067,IQA-102401600-KIT1-FBA2
221373,PRB-31-KIT1-FBA
222211,36-403-05-KIT2-FBA
221453,AP46-5772-KIT1-FBA
221816,32-039-04-KIT1-FBA
222588,46-195-00-KIT1-FBA
212408,16184814-KIT1-FBA
221427,FIB-280-KIT1-FBA
217179,Core-7000-XL-KIT1-FBA
220583,8943PL1.5-KIT1-FBA
221452,BJPPS004-KIT1-FBA
221106,BJPPS003-KIT-FBA
222682,6045-ORG-S/M-DISC-KIT1-FBA
216807,9781587799815-KIT1-FBA
222672,BJPLS001-KIT-FBA
222653,Ori-Pack-Bamboo-Beach-KIT1-FBA2
222256,VMTX-KIT1-FBA2
221809,32-039-14-KIT1-FBA2
221811,32-039-06-KIT1-FBA2
222650,INB-0010-KIT1-FBA2
222649,INB-0012-KIT1-FBA2
222648,INB-0024-KIT1-FBA2
222652,Ori-Pack-Nat-KIT1-FBA2
222773,SWT111SM-KIT-FBA
222774,3719127-KIT1-FBA2
221784,TM2-RESISTANCE-VALVES-WHITE-KIT1-FBA2
221782,TM2-RESISTANCE-VALVES-LIME-GREEN-FBA2
221707,IQA-102101200-KIT1-FBA2
221783,TM2-RESISTANCE-VALVES-RED-KIT1-FBA2
221780,TM2-RESISTANCE-VALVES-SILVER-KIT1-FBA2
221781,TM2-RESISTANCE-VALVES-PINK-KIT1-FBA2
221810,TPT-COOL-POINT-KIT1-FBA2
221785,TM2-SLEEVE-BRAZIL-SMALL-KIT1-FBA2
212650,TM2-SLEEVE-AMERICAN-MEDIUM-KIT1-FBA2
222812,6045-PNK-L/XL-DISC-KIT1-FBA
222809,6045-ORG-L/XL-DISC-KIT1-FBA
222840,ROK106BLU-KIT
222813,FP002.001000-KIT1-FBA
222815,005-FEDP-KIT1-FBA
223087,08-148-20-KIT1-FBA.amzn1
222807,VA4684-M-KIT1-FBA
213847,56-016-08-KIT1-FBA
223057,56-016-08-KIT1-FBA2
216720,11050-206-044-KIT1-FBA2
223205,330121-KIT1-FBA2
222845,4531-KIT1-FBA
223401,02-031-01-KIT1-FBA2
223054,11773-001-500-KIT1-FBA2
223064,A205H1-unit-KIT1-FBA1
223678,MuscleTracPro-KIT1-FBA2
223065,A205H1-unit-KIT1-FBA2
222798,TTN5013X-KIT1-FBA-FFP
223844,PRO-3405-KIT1-KIT
